section,category,templates,routes,Home,About,Careers,Startup program,Mobile app,Product detail,Compare a competitor,Blog post,Blog index,Setup instructions,Release notes,Form page,Pricing,Product tour,Integrations,Newsletter
shell.footer,SHELL,16,71,x,x,x,x,x,x,x,x,x,x,x,x,x,x,x,x
shell.navbar,SHELL,16,71,x,x,x,x,x,x,x,x,x,x,x,x,x,x,x,x
content.post-article,CONTENT,1,43,,,,,,,,x,,,,,,,,
content.related-posts,CONTENT,1,43,,,,,,,,x,,,,,,,,
conversion.cta-band,CONVERSION,8,18,x,,,,x,x,x,,,,x,,x,,x,x
content.faq-accordion,CONTENT,4,8,,,,,x,x,,,,,,,x,x,,
hero.split-image,HERO,2,8,,,,,,,x,,,,,,,,x,
social-proof.testimonial,SOCIAL-PROOF,3,7,x,,,x,,x,,,,,,,,,,
compare.feature-table,COMPARE,1,7,,,,,,,x,,,,,,,,,
compare.quick-table,COMPARE,1,7,,,,,,,x,,,,,,,,,
compare.reasons,COMPARE,1,7,,,,,,,x,,,,,,,,,
interactive.accordion-showcase,INTERACTIVE,2,6,,,,,x,x,,,,,,,,,,
content.product-cards,CONTENT,1,5,,,,,,x,,,,,,,,,,
content.product-features,CONTENT,1,5,,,,,,x,,,,,,,,,,
hero.product,HERO,1,5,,,,,,x,,,,,,,,,,
nav.product-tabs,NAV,1,5,,,,,,x,,,,,,,,,,
hero.page-header,HERO,3,3,,,,,,,,,x,,,,x,x,,
doc.prose-page,DOC,2,3,,,,,,,,,,x,x,,,,,
form.centered-form,FORM,1,3,,,,,,,,,,,,x,,,,
content.lead-statement,CONTENT,2,2,,x,x,,,,,,,,,,,,,
content.platform-columns,CONTENT,2,2,x,,,x,,,,,,,,,,,,
hero.eyebrow-title-banner,HERO,2,2,,x,x,,,,,,,,,,,,,
media.photo-pattern-collage,MEDIA,2,2,,,,x,x,,,,,,,,,,,
social-proof.logo-grid,SOCIAL-PROOF,2,2,,x,x,,,,,,,,,,,,,
content.dark-problem,CONTENT,1,1,x,,,,,,,,,,,,,,,
content.event-timeline,CONTENT,1,1,,,,,x,,,,,,,,,,,
content.footnote-attribution,CONTENT,1,1,,,,,,,,,,,,,,,x,
content.job-board,CONTENT,1,1,,,x,,,,,,,,,,,,,
content.plan-compare-table,CONTENT,1,1,,,,,,,,,,,,,x,,,
content.post-list,CONTENT,1,1,,,,,,,,,x,,,,,,,
content.pricing-plans,CONTENT,1,1,,,,,,,,,,,,,x,,,
content.principle-rows,CONTENT,1,1,,,x,,,,,,,,,,,,,
content.qualification-terms,CONTENT,1,1,,,,x,,,,,,,,,,,,
content.release-entry,CONTENT,1,1,,,,,,,,,,,x,,,,,
content.solution-rows,CONTENT,1,1,x,,,,,,,,,,,,,,,
content.team-cards,CONTENT,1,1,,x,,,,,,,,,,,,,,
content.tour-demo,CONTENT,1,1,,,,,,,,,,,,,,x,,
hero.form-split,HERO,1,1,,,,,,,,,,,,,,,,x
hero.marketing-video,HERO,1,1,x,,,,,,,,,,,,,,,
hero.mobile-app,HERO,1,1,,,,,x,,,,,,,,,,,
hero.title-cta,HERO,1,1,,,,x,,,,,,,,,,,,
interactive.ask-reevo-carousel,INTERACTIVE,1,1,x,,,,,,,,,,,,,,,
interactive.integrations-browser,INTERACTIVE,1,1,,,,,,,,,,,,,,,x,
interactive.scroll-story,INTERACTIVE,1,1,,x,,,,,,,,,,,,,,
social-proof.customer-video-cards,SOCIAL-PROOF,1,1,x,,,,,,,,,,,,,,,
social-proof.logo-marquee,SOCIAL-PROOF,1,1,x,,,,,,,,,,,,,,,
ROUTE COUNT,,,71,1,1,1,1,1,5,7,43,1,2,1,3,1,1,1,1